{"vocab":[1,2,3,4,5],"term_frequency":[51,43,71,55,42],"topic_term_dists":[[0.18896288243411186,0.12953992793662408,0.022601293590131504,0.3864101543800547,0.27248574165907385],[0.22099202270939994,0.15198480313600132,0.3203506687729464,0.16788773472082583,0.13878477066082548]],"doc_lengths":[10,11,17,14,11,7,5,16,7,16,6,4,9,11,11,10,9,10,9,9,10,8,10,21,11],"doc_topic_dist":[[0.39387545616066216,0.6061245438393382],[0.39387545616066216,0.6061245438393382],[0.39387545616066216,0.6061245438393382],[0.39387545616066216,0.6061245438393382],[0.39387545616066216,0.6061245438393382],[0.39387545616066216,0.6061245438393382],[0.39387545616066216,0.6061245438393382],[0.39387545616066216,0.6061245438393382],[0.39387545616066216,0.6061245438393382],[0.39387545616066216,0.6061245438393382],[0.39387545616066216,0.6061245438393382],[0.39387545616066216,0.6061245438393382],[0.39387545616066216,0.6061245438393382],[0.39387545616066216,0.6061245438393382],[0.39387545616066216,0.6061245438393382],[0.39387545616066216,0.6061245438393382],[0.39387545616066216,0.6061245438393382],[0.39387545616066216,0.6061245438393382],[0.39387545616066216,0.6061245438393382],[0.39387545616066216,0.6061245438393382],[0.39387545616066216,0.6061245438393382],[0.39387545616066216,0.6061245438393382],[0.39387545616066216,0.6061245438393382],[0.39387545616066216,0.6061245438393382],[0.39387545616066216,0.6061245438393382]]}