{"vocab":[1,2,3,4,5],"term_frequency":[51,43,71,55,42],"topic_term_dists":[[4.874831300379722e-6,0.0071425460732505285,0.0045345247316562745,0.5067155689462842,0.4816024854175046],[0.22359925636201433,0.15934967098905872,0.27367048338514277,0.2221583448446834,0.12122224441909965]],"doc_lengths":[10,11,17,14,11,7,5,16,7,16,6,4,9,11,11,10,9,10,9,9,10,8,10,21,11],"doc_topic_dist":[[0.23006979623598292,0.7699302037640213],[0.06426226272377994,0.9357377372762146],[0.04384512247584635,0.9561548775241503],[0.7117952459166572,0.28820475408334334],[0.15457391229033027,0.8454260877096699],[0.44984614794821864,0.5501538520517806],[0.2780637586233533,0.7219362413766475],[0.48337531279043805,0.5166246872095624],[0.9082343378849645,0.09176566211502936],[0.0482415534905781,0.9517584465094169],[0.9623685185804765,0.037631481419526866],[0.3340643950284229,0.6659356049715747],[0.9726458279450917,0.02735417205490433],[0.354395602087789,0.6456043979122112],[0.26334429803586595,0.7366557019641298],[0.9953065312945869,0.004693468705416501],[0.9967893065607041,0.003210693439292079],[0.002049051153478277,0.9979509488465171],[0.9695346353293157,0.03046536467068105],[0.7245287255149753,0.2754712744850211],[0.14636386802426307,0.8536361319757333],[0.02449651263716536,0.9755034873628314],[0.9973880184864765,0.0026119815135192998],[0.2933434456147744,0.7066565543852256],[0.9700939696339714,0.029906030366022015]]}