{"vocab":[1,2,3,4,5],"term_frequency":[51,43,71,55,42],"topic_term_dists":[[0.4411847246491796,0.05599132637252649,0.20647954036596408,0.011663866694818746,0.284680541917511],[0.202176893134753,0.20049605501385032,0.2358359724122531,0.19194690099917636,0.16954417843996536]],"doc_lengths":[10,11,17,14,11,7,5,16,7,16,6,4,9,11,11,10,9,10,9,9,10,8,10,21,11],"doc_topic_dist":[[0.00035933647644213474,0.9996406635235627],[0.1642500802808884,0.8357499197191083],[0.0816477565319908,0.9183522434680119],[0.0389280544546032,0.9610719455453991],[0.9614621091753492,0.03853789082465162],[0.15525185597311747,0.8447481440268834],[0.7907521656684644,0.20924783433153593],[0.8669543399919737,0.13304566000802953],[0.14837033601736577,0.8516296639826343],[0.10416877396178327,0.8958312260382184],[0.5238198926573769,0.47618010734262306],[0.9959636550988594,0.00403634490114273],[0.8329629593386162,0.16703704066138697],[0.8772206041590072,0.12277939584098913],[0.01156300273229889,0.9884369972676995],[0.020367978713327673,0.9796320212866682],[0.0006706641736176629,0.9993293358263791],[0.42019120026775364,0.5798087997322449],[0.027998097971855936,0.9720019020281406],[0.28184716347346767,0.7181528365265326],[0.2342195405940764,0.7657804594059231],[0.9155916560687843,0.08440834393121557],[0.5244219821376073,0.4755780178623931],[0.8795403557550724,0.12045964424492214],[0.8074093390871735,0.19259066091283125]]}