{"vocab":[1,2,3,4,5],"term_frequency":[51,43,71,55,42],"topic_term_dists":[[0.1321342032349825,0.09048961348293588,3.6914901316813804e-6,0.4214332485248331,0.35593924326711657],[0.2087271178125959,0.20697368081825454,0.5134952829347861,0.07063764472322388,0.00016627371113963862]],"doc_lengths":[10,11,17,14,11,7,5,16,7,16,6,4,9,11,11,10,9,10,9,9,10,8,10,21,11],"doc_topic_dist":[[0.3756300272157349,0.6243699727842646],[0.6883157471012843,0.31168425289871565],[0.5404537964792837,0.4595462035207162],[0.5924789281958425,0.40752107180415753],[0.3474505564342738,0.6525494435657263],[0.7922792009211916,0.20772079907880805],[0.5533438426234832,0.44665615737651654],[0.21444907295360802,0.785550927046392],[0.7939846110545974,0.20601538894540247],[0.337100807135412,0.6628991928645874],[0.7816917154165625,0.21830828458343743],[0.573008001917624,0.4269919980823757],[0.35883285958932476,0.6411671404106749],[0.7985885067133139,0.20141149328668576],[0.14462938175695278,0.8553706182430476],[0.8225871124611023,0.1774128875388981],[0.3549859844093936,0.6450140155906062],[0.3398615607981472,0.6601384392018526],[0.4592123249029565,0.5407876750970435],[0.41128390724781533,0.5887160927521842],[0.31299637626465643,0.6870036237353437],[0.37578002189999216,0.624219978100008],[0.6242038430168089,0.3757961569831911],[0.4632281546818599,0.5367718453181396],[0.46253861453847744,0.5374613854615224]]}