{"vocab":[1,2,3,4,5],"term_frequency":[51,43,71,55,42],"topic_term_dists":[[0.370581432570273,0.32653029242350595,0.2750487906315682,0.004842552682251085,0.022996931692401648],[0.019383366610038522,0.011295461534316714,0.25263617827616686,0.42754994329272633,0.2891350502867519]],"doc_lengths":[10,11,17,14,11,7,5,16,7,16,6,4,9,11,11,10,9,10,9,9,10,8,10,21,11],"doc_topic_dist":[[0.1467850527372102,0.8532149472627902],[0.10625566046758846,0.8937443395324115],[0.41427844181454543,0.5857215581854546],[0.4305265986428439,0.5694734013571561],[0.9286828216230366,0.07131717837696275],[0.11091408655697546,0.8890859134430242],[0.16272329439506542,0.8372767056049343],[0.9641310436503566,0.03586895634964304],[0.09319867777485641,0.9068013222251436],[0.9045771705836475,0.09542282941635195],[0.08988083610150237,0.9101191638984978],[0.08365624372751083,0.9163437562724888],[0.724697055891681,0.2753029441083192],[0.08760460266054372,0.9123953973394563],[0.9479033217726168,0.052096678227382585],[0.14951969741843643,0.8504803025815637],[0.7796789920100762,0.22032100798992407],[0.8050257383495544,0.1949742616504451],[0.20530316854740205,0.794696831452598],[0.19219160917264463,0.8078083908273557],[0.6406578753637725,0.35934212463622744],[0.8246711753300541,0.17532882466994654],[0.3131564282876858,0.6868435717123145],[0.42448484700425543,0.5755151529957446],[0.9169737594162696,0.08302624058373044]]}