{"vocab":[1,2,3,4,5],"term_frequency":[51,43,71,55,42],"topic_term_dists":[[0.10524276785138424,0.006688212011996806,0.08730457819612789,0.751522784806995,0.04924165713350106],[0.20612122652789563,0.19553656850613182,0.26313991327454994,0.1735466765835837,0.16165561510783655]],"doc_lengths":[10,11,17,14,11,7,5,16,7,16,6,4,9,11,11,10,9,10,9,9,10,8,10,21,11],"doc_topic_dist":[[0.10552687229695236,0.894473127703042],[0.10552687229695236,0.894473127703042],[0.10552687229695236,0.894473127703042],[0.10552687229695236,0.894473127703042],[0.10552687229695236,0.894473127703042],[0.10552687229695236,0.894473127703042],[0.10552687229695236,0.894473127703042],[0.10552687229695236,0.894473127703042],[0.10552687229695236,0.894473127703042],[0.10552687229695236,0.894473127703042],[0.10552687229695236,0.894473127703042],[0.10552687229695236,0.894473127703042],[0.10552687229695236,0.894473127703042],[0.10552687229695236,0.894473127703042],[0.10552687229695236,0.894473127703042],[0.10552687229695236,0.894473127703042],[0.10552687229695236,0.894473127703042],[0.10552687229695236,0.894473127703042],[0.10552687229695236,0.894473127703042],[0.10552687229695236,0.894473127703042],[0.10552687229695236,0.894473127703042],[0.10552687229695236,0.894473127703042],[0.10552687229695236,0.894473127703042],[0.10552687229695236,0.894473127703042],[0.10552687229695236,0.894473127703042]]}